{
    "nms_scores_th": 0.5,
    "nms_iou_th": 0.5,
    "image_dims": [
        448,
        448
    ],
    "max_proposals_per_class": 100,
    "centers_scale_factor": 1,
    "bbox_dimensions_scale_factor": 1,
    "classes": 90,
    "background_removal": true,
    "background_removal_index": 89,
    "bbox_decoders": [
        {
            "w": [
                0.05357143,
                0.07576144,
                0.03788072,
                0.06749577,
                0.09545344,
                0.04772672,
                0.08503934,
                0.12026379,
                0.06013189
            ],
            "h": [
                0.05357143,
                0.03788072,
                0.07576144,
                0.06749577,
                0.04772672,
                0.09545344,
                0.08503934,
                0.06013189,
                0.12026379
            ],
            "reg_layer": "efficientdet_lite2/conv91",
            "cls_layer": "efficientdet_lite2/conv92"
        },
        {
            "w": [
                0.10714286,
                0.15152288,
                0.07576144,
                0.13499155,
                0.19090688,
                0.09545344,
                0.17007868,
                0.24052757,
                0.12026379
            ],
            "h": [
                0.10714286,
                0.07576144,
                0.15152288,
                0.13499155,
                0.09545344,
                0.19090688,
                0.17007868,
                0.12026379,
                0.24052757
            ],
            "reg_layer": "efficientdet_lite2/conv100",
            "cls_layer": "efficientdet_lite2/conv101"
        },
        {
            "w": [
                0.21428571,
                0.30304576,
                0.15152288,
                0.26998309,
                0.38181375,
                0.19090688,
                0.34015736,
                0.48105515,
                0.24052757
            ],
            "h": [
                0.21428571,
                0.15152288,
                0.30304576,
                0.26998309,
                0.19090688,
                0.38181375,
                0.34015736,
                0.24052757,
                0.48105515
            ],
            "reg_layer": "efficientdet_lite2/conv109",
            "cls_layer": "efficientdet_lite2/conv110"
        },
        {
            "w": [
                0.42857143,
                0.60609153,
                0.30304576,
                0.53996619,
                0.7636275,
                0.38181375,
                0.68031471,
                0.9621103,
                0.48105515
            ],
            "h": [
                0.42857143,
                0.30304576,
                0.60609153,
                0.53996619,
                0.38181375,
                0.7636275,
                0.68031471,
                0.48105515,
                0.9621103
            ],
            "reg_layer": "efficientdet_lite2/conv118",
            "cls_layer": "efficientdet_lite2/conv119"
        },
        {
            "w": [
                0.75,
                1.06066017,
                0.53033009,
                0.94494082,
                1.33634813,
                0.66817407,
                1.19055075,
                1.68369302,
                0.84184651
            ],
            "h": [
                0.75,
                0.53033009,
                1.06066017,
                0.94494082,
                0.66817407,
                1.33634813,
                1.19055075,
                0.84184651,
                1.68369302
            ],
            "reg_layer": "efficientdet_lite2/conv126",
            "cls_layer": "efficientdet_lite2/conv128"
        }
    ]
}
