{
    "nms_scores_th": 0.5,
    "nms_iou_th": 0.5,
    "image_dims": [
        384,
        384
    ],
    "max_proposals_per_class": 100,
    "centers_scale_factor": 1,
    "bbox_dimensions_scale_factor": 1,
    "classes": 90,
    "background_removal": true,
    "background_removal_index": 89,
    "bbox_decoders": [
        {
            "w": [
                0.0625,
                0.08838835,
                0.04419417,
                0.07874507,
                0.11136234,
                0.05568117,
                0.09921256,
                0.14030775,
                0.07015388
            ],
            "h": [
                0.0625,
                0.04419417,
                0.08838835,
                0.07874507,
                0.05568117,
                0.11136234,
                0.09921256,
                0.07015388,
                0.14030775
            ],
            "reg_layer": "efficientdet_lite1/conv83",
            "cls_layer": "efficientdet_lite1/conv84"
        },
        {
            "w": [
                0.125,
                0.1767767,
                0.08838835,
                0.15749014,
                0.22272469,
                0.11136234,
                0.19842513,
                0.2806155,
                0.14030775
            ],
            "h": [
                0.125,
                0.08838835,
                0.1767767,
                0.15749014,
                0.11136234,
                0.22272469,
                0.19842513,
                0.14030775,
                0.2806155
            ],
            "reg_layer": "efficientdet_lite1/conv92",
            "cls_layer": "efficientdet_lite1/conv93"
        },
        {
            "w": [
                0.25,
                0.35355339,
                0.1767767,
                0.31498027,
                0.44544938,
                0.22272469,
                0.39685025,
                0.56123101,
                0.2806155
            ],
            "h": [
                0.25,
                0.1767767,
                0.35355339,
                0.31498027,
                0.22272469,
                0.44544938,
                0.39685025,
                0.2806155,
                0.56123101
            ],
            "reg_layer": "efficientdet_lite1/conv101",
            "cls_layer": "efficientdet_lite1/conv102"
        },
        {
            "w": [
                0.5,
                0.70710678,
                0.35355339,
                0.62996055,
                0.89089875,
                0.44544938,
                0.7937005,
                1.12246201,
                0.56123101
            ],
            "h": [
                0.5,
                0.35355339,
                0.70710678,
                0.62996055,
                0.44544938,
                0.89089875,
                0.7937005,
                0.56123101,
                1.12246201
            ],
            "reg_layer": "efficientdet_lite1/conv110",
            "cls_layer": "efficientdet_lite1/conv111"
        },
        {
            "w": [
                1.0,
                1.41421356,
                0.70710678,
                1.2599211,
                1.78179751,
                0.89089875,
                1.587401,
                2.24492402,
                1.12246201
            ],
            "h": [
                1.0,
                0.70710678,
                1.41421356,
                1.2599211,
                0.89089875,
                1.78179751,
                1.587401,
                1.12246201,
                2.24492402
            ],
            "reg_layer": "efficientdet_lite1/conv119",
            "cls_layer": "efficientdet_lite1/conv120"
        }
    ]
}
